number,week,year,date,decade,month,season
1,13,1909,3/29/2009,1910,3,Spring
1,50,1920,12/6/2020,1920,12,Winter
1,52,1920,12/20/2020,1920,12,Winter
1,1,1921,1/3/2021,1920,1,Winter
2,4,1922,1/23/2022,1920,1,Winter
1,7,1922,2/13/2022,1920,2,Winter
1,35,1922,8/28/2022,1920,8,Summer
4,37,1922,9/11/2022,1920,9,Autumn
2,38,1922,9/18/2022,1920,9,Autumn
2,40,1922,10/2/2022,1920,10,Autumn
1,41,1922,10/9/2022,1920,10,Autumn
4,42,1922,10/16/2022,1920,10,Autumn
5,46,1922,11/13/2022,1920,11,Autumn
4,50,1922,12/11/2022,1920,12,Winter
3,51,1922,12/18/2022,1920,12,Winter
1,52,1922,12/25/2022,1920,12,Winter
1,2,1923,1/8/2023,1920,1,Winter
7,4,1923,1/22/2023,1920,1,Winter
2,6,1923,2/5/2023,1920,2,Winter
2,7,1923,2/12/2023,1920,2,Winter
1,8,1923,2/19/2023,1920,2,Winter
1,11,1923,3/12/2023,1920,3,Spring
6,16,1923,4/16/2023,1920,4,Spring
1,29,1923,7/16/2023,1920,7,Summer
6,34,1923,8/20/2023,1920,8,Summer
12,35,1923,8/27/2023,1920,8,Summer
4,37,1923,9/10/2023,1920,9,Autumn
4,38,1923,9/17/2023,1920,9,Autumn
9,39,1923,9/24/2023,1920,9,Autumn
3,40,1923,10/1/2023,1920,10,Autumn
6,41,1923,10/8/2023,1920,10,Autumn
3,42,1923,10/15/2023,1920,10,Autumn
6,43,1923,10/22/2023,1920,10,Autumn
4,44,1923,10/29/2023,1920,10,Autumn
3,45,1923,11/5/2023,1920,11,Autumn
2,46,1923,11/12/2023,1920,11,Autumn
28,51,1923,12/17/2023,1920,12,Winter
17,31,1925,7/27/2025,1920,7,Summer
2968,47,1927,11/21/2027,1920,11,Autumn
3976,48,1927,11/28/2027,1920,11,Autumn
3610,49,1927,12/5/2027,1920,12,Winter
3109,51,1927,12/19/2027,1920,12,Winter
3966,52,1927,12/26/2027,1920,12,Winter
4198,1,1928,1/2/2028,1920,1,Winter
4464,2,1928,1/9/2028,1920,1,Winter
5047,3,1928,1/16/2028,1920,1,Winter
5209,4,1928,1/23/2028,1920,1,Winter
5628,5,1928,1/30/2028,1920,1,Winter
5619,6,1928,2/6/2028,1920,2,Winter
5263,7,1928,2/13/2028,1920,2,Winter
5238,8,1928,2/20/2028,1920,2,Winter
5742,9,1928,2/27/2028,1920,2,Winter
5380,10,1928,3/5/2028,1920,3,Spring
4899,11,1928,3/12/2028,1920,3,Spring
5182,12,1928,3/19/2028,1920,3,Spring
5222,13,1928,3/26/2028,1920,3,Spring
4814,14,1928,4/2/2028,1920,4,Spring
4410,15,1928,4/9/2028,1920,4,Spring
4244,16,1928,4/16/2028,1920,4,Spring
4178,17,1928,4/23/2028,1920,4,Spring
4316,18,1928,4/30/2028,1920,4,Spring
4193,19,1928,5/7/2028,1920,5,Spring
3880,20,1928,5/14/2028,1920,5,Spring
3684,21,1928,5/21/2028,1920,5,Spring
3092,22,1928,5/28/2028,1920,5,Spring
2903,23,1928,6/4/2028,1920,6,Summer
2587,24,1928,6/11/2028,1920,6,Summer
2110,25,1928,6/18/2028,1920,6,Summer
1853,26,1928,6/25/2028,1920,6,Summer
1353,27,1928,7/2/2028,1920,7,Summer
1153,28,1928,7/9/2028,1920,7,Summer
950,29,1928,7/16/2028,1920,7,Summer
734,30,1928,7/23/2028,1920,7,Summer
960,31,1928,7/30/2028,1920,7,Summer
772,32,1928,8/6/2028,1920,8,Summer
617,33,1928,8/13/2028,1920,8,Summer
610,34,1928,8/20/2028,1920,8,Summer
725,35,1928,8/27/2028,1920,8,Summer
786,36,1928,9/3/2028,1920,9,Autumn
1173,37,1928,9/10/2028,1920,9,Autumn
1247,38,1928,9/17/2028,1920,9,Autumn
1675,39,1928,9/24/2028,1920,9,Autumn
1984,40,1928,10/1/2028,1920,10,Autumn
2343,41,1928,10/8/2028,1920,10,Autumn
2400,42,1928,10/15/2028,1920,10,Autumn
2390,43,1928,10/22/2028,1920,10,Autumn
2636,44,1928,10/29/2028,1920,10,Autumn
3105,45,1928,11/5/2028,1920,11,Autumn
3386,46,1928,11/12/2028,1920,11,Autumn
3529,47,1928,11/19/2028,1920,11,Autumn
3462,48,1928,11/26/2028,1920,11,Autumn
3898,49,1928,12/3/2028,1920,12,Winter
4093,50,1928,12/10/2028,1920,12,Winter
3094,51,1928,12/17/2028,1920,12,Winter
3470,52,1928,12/24/2028,1920,12,Winter
3717,2,1929,1/7/2029,1920,1,Winter
4004,3,1929,1/14/2029,1920,1,Winter
4204,4,1929,1/21/2029,1920,1,Winter
4684,5,1929,1/28/2029,1920,1,Winter
4542,6,1929,2/4/2029,1920,2,Winter
5225,7,1929,2/11/2029,1920,2,Winter
4462,8,1929,2/18/2029,1920,2,Winter
5609,9,1929,2/25/2029,1920,2,Winter
5556,10,1929,3/4/2029,1920,3,Spring
5944,11,1929,3/11/2029,1920,3,Spring
5666,12,1929,3/18/2029,1920,3,Spring
5379,13,1929,3/25/2029,1920,3,Spring
5431,14,1929,4/1/2029,1920,4,Spring
5069,15,1929,4/8/2029,1920,4,Spring
4549,16,1929,4/15/2029,1920,4,Spring
4496,17,1929,4/22/2029,1920,4,Spring
5001,18,1929,4/29/2029,1920,4,Spring
4276,19,1929,5/6/2029,1920,5,Spring
4307,20,1929,5/13/2029,1920,5,Spring
4177,21,1929,5/20/2029,1920,5,Spring
3796,22,1929,5/27/2029,1920,5,Spring
3283,23,1929,6/3/2029,1920,6,Summer
2875,24,1929,6/10/2029,1920,6,Summer
2374,25,1929,6/17/2029,1920,6,Summer
1784,26,1929,6/24/2029,1920,6,Summer
1383,27,1929,7/1/2029,1920,7,Summer
1339,28,1929,7/8/2029,1920,7,Summer
1200,29,1929,7/15/2029,1920,7,Summer
1076,30,1929,7/22/2029,1920,7,Summer
919,31,1929,7/29/2029,1920,7,Summer
894,32,1929,8/5/2029,1920,8,Summer
793,33,1929,8/12/2029,1920,8,Summer
844,34,1929,8/19/2029,1920,8,Summer
859,35,1929,8/26/2029,1920,8,Summer
1018,36,1929,9/2/2029,1920,9,Autumn
1238,37,1929,9/9/2029,1920,9,Autumn
1345,38,1929,9/16/2029,1920,9,Autumn
1685,39,1929,9/23/2029,1920,9,Autumn
1950,40,1929,9/30/2029,1920,9,Autumn
2067,41,1929,10/7/2029,1920,10,Autumn
2683,42,1929,10/14/2029,1920,10,Autumn
2868,43,1929,10/21/2029,1920,10,Autumn
3202,44,1929,10/28/2029,1920,10,Autumn
3445,45,1929,11/4/2029,1920,11,Autumn
3699,46,1929,11/11/2029,1920,11,Autumn
3826,47,1929,11/18/2029,1920,11,Autumn
3883,48,1929,11/25/2029,1920,11,Autumn
3482,1,1929,12/31/2028,1920,12,Winter
4260,49,1929,12/2/2029,1920,12,Winter
4477,50,1929,12/9/2029,1920,12,Winter
3870,51,1929,12/16/2029,1920,12,Winter
3516,52,1929,12/23/2029,1920,12,Winter
4937,2,1930,1/6/1930,1930,1,Winter
4779,3,1930,1/13/1930,1930,1,Winter
5020,4,1930,1/20/1930,1930,1,Winter
5420,5,1930,1/27/1930,1930,1,Winter
5507,6,1930,2/3/1930,1930,2,Winter
5135,7,1930,2/10/1930,1930,2,Winter
5047,8,1930,2/17/1930,1930,2,Winter
5909,9,1930,2/24/1930,1930,2,Winter
5328,10,1930,3/3/1930,1930,3,Spring
5479,11,1930,3/10/1930,1930,3,Spring
5093,12,1930,3/17/1930,1930,3,Spring
4360,13,1930,3/24/1930,1930,3,Spring
4855,14,1930,3/31/1930,1930,3,Spring
5214,15,1930,4/7/1930,1930,4,Spring
4635,16,1930,4/14/1930,1930,4,Spring
4301,17,1930,4/21/1930,1930,4,Spring
4146,18,1930,4/28/1930,1930,4,Spring
3917,19,1930,5/5/1930,1930,5,Spring
3468,20,1930,5/12/1930,1930,5,Spring
3219,21,1930,5/19/1930,1930,5,Spring
2692,22,1930,5/26/1930,1930,5,Spring
2882,23,1930,6/2/1930,1930,6,Summer
2631,24,1930,6/9/1930,1930,6,Summer
2007,25,1930,6/16/1930,1930,6,Summer
1621,26,1930,6/23/1930,1930,6,Summer
1136,27,1930,6/30/1930,1930,6,Summer
1226,28,1930,7/7/1930,1930,7,Summer
822,29,1930,7/14/1930,1930,7,Summer
785,30,1930,7/21/1930,1930,7,Summer
734,31,1930,7/28/1930,1930,7,Summer
613,32,1930,8/4/1930,1930,8,Summer
641,33,1930,8/11/1930,1930,8,Summer
613,34,1930,8/18/1930,1930,8,Summer
650,35,1930,8/25/1930,1930,8,Summer
944,36,1930,9/1/1930,1930,9,Autumn
992,37,1930,9/8/1930,1930,9,Autumn
1050,38,1930,9/15/1930,1930,9,Autumn
1500,39,1930,9/22/1930,1930,9,Autumn
1678,40,1930,9/29/1930,1930,9,Autumn
1921,41,1930,10/6/1930,1930,10,Autumn
2315,42,1930,10/13/1930,1930,10,Autumn
2495,43,1930,10/20/1930,1930,10,Autumn
2977,44,1930,10/27/1930,1930,10,Autumn
3306,45,1930,11/3/1930,1930,11,Autumn
3670,46,1930,11/10/1930,1930,11,Autumn
3943,47,1930,11/17/1930,1930,11,Autumn
3330,48,1930,11/24/1930,1930,11,Autumn
4684,1,1930,12/30/2029,1930,12,Winter
3889,49,1930,12/1/1930,1930,12,Winter
4223,50,1930,12/8/1930,1930,12,Winter
3819,51,1930,12/15/1930,1930,12,Winter
3585,52,1930,12/22/1930,1930,12,Winter
4469,53,1930,12/29/1930,1930,12,Winter
5257,2,1931,1/5/1931,1930,1,Winter
5453,3,1931,1/12/1931,1930,1,Winter
5875,4,1931,1/19/1931,1930,1,Winter
5702,5,1931,1/26/1931,1930,1,Winter
5843,6,1931,2/2/1931,1930,2,Winter
5799,7,1931,2/9/1931,1930,2,Winter
6219,8,1931,2/16/1931,1930,2,Winter
6114,9,1931,2/23/1931,1930,2,Winter
6229,10,1931,3/2/1931,1930,3,Spring
5918,11,1931,3/9/1931,1930,3,Spring
5931,12,1931,3/16/1931,1930,3,Spring
5731,13,1931,3/23/1931,1930,3,Spring
5545,14,1931,3/30/1931,1930,3,Spring
5449,15,1931,4/6/1931,1930,4,Spring
5485,16,1931,4/13/1931,1930,4,Spring
5844,17,1931,4/20/1931,1930,4,Spring
5367,18,1931,4/27/1931,1930,4,Spring
5401,19,1931,5/4/1931,1930,5,Spring
4727,20,1931,5/11/1931,1930,5,Spring
4567,21,1931,5/18/1931,1930,5,Spring
4207,22,1931,5/25/1931,1930,5,Spring
3574,23,1931,6/1/1931,1930,6,Summer
2951,24,1931,6/8/1931,1930,6,Summer
2474,25,1931,6/15/1931,1930,6,Summer
1724,26,1931,6/22/1931,1930,6,Summer
1388,27,1931,6/29/1931,1930,6,Summer
1141,28,1931,7/6/1931,1930,7,Summer
948,29,1931,7/13/1931,1930,7,Summer
882,30,1931,7/20/1931,1930,7,Summer
812,31,1931,7/27/1931,1930,7,Summer
721,32,1931,8/3/1931,1930,8,Summer
818,33,1931,8/10/1931,1930,8,Summer
935,34,1931,8/17/1931,1930,8,Summer
1008,35,1931,8/24/1931,1930,8,Summer
1126,36,1931,8/31/1931,1930,8,Summer
1226,37,1931,9/7/1931,1930,9,Autumn
1415,38,1931,9/14/1931,1930,9,Autumn
1604,39,1931,9/21/1931,1930,9,Autumn
2182,40,1931,9/28/1931,1930,9,Autumn
2379,41,1931,10/5/1931,1930,10,Autumn
2870,42,1931,10/12/1931,1930,10,Autumn
3208,43,1931,10/19/1931,1930,10,Autumn
3473,44,1931,10/26/1931,1930,10,Autumn
4044,45,1931,11/2/1931,1930,11,Autumn
3881,46,1931,11/9/1931,1930,11,Autumn
3607,47,1931,11/16/1931,1930,11,Autumn
3766,48,1931,11/23/1931,1930,11,Autumn
4059,49,1931,11/30/1931,1930,11,Autumn
4867,1,1931,12/29/1930,1930,12,Winter
3944,50,1931,12/7/1931,1930,12,Winter
3396,51,1931,12/14/1931,1930,12,Winter
4203,52,1931,12/21/1931,1930,12,Winter
4692,1,1932,1/4/1932,1930,1,Winter
5238,2,1932,1/11/1932,1930,1,Winter
5055,3,1932,1/18/1932,1930,1,Winter
5409,4,1932,1/25/1932,1930,1,Winter
5446,5,1932,2/1/1932,1930,2,Winter
5774,6,1932,2/8/1932,1930,2,Winter
5640,7,1932,2/15/1932,1930,2,Winter
6582,8,1932,2/22/1932,1930,2,Winter
6353,9,1932,2/29/1932,1930,2,Winter
6438,10,1932,3/7/1932,1930,3,Spring
6566,11,1932,3/14/1932,1930,3,Spring
6070,12,1932,3/21/1932,1930,3,Spring
6724,13,1932,3/28/1932,1930,3,Spring
5696,14,1932,4/4/1932,1930,4,Spring
6310,15,1932,4/11/1932,1930,4,Spring
5850,16,1932,4/18/1932,1930,4,Spring
6450,17,1932,4/25/1932,1930,4,Spring
5548,18,1932,5/2/1932,1930,5,Spring
5643,19,1932,5/9/1932,1930,5,Spring
5523,20,1932,5/16/1932,1930,5,Spring
4713,21,1932,5/23/1932,1930,5,Spring
4421,22,1932,5/30/1932,1930,5,Spring
3800,23,1932,6/6/1932,1930,6,Summer
3287,24,1932,6/13/1932,1930,6,Summer
2586,25,1932,6/20/1932,1930,6,Summer
2077,26,1932,6/27/1932,1930,6,Summer
1539,27,1932,7/4/1932,1930,7,Summer
1389,28,1932,7/11/1932,1930,7,Summer
1099,29,1932,7/18/1932,1930,7,Summer
1012,30,1932,7/25/1932,1930,7,Summer
906,31,1932,8/1/1932,1930,8,Summer
976,32,1932,8/8/1932,1930,8,Summer
867,33,1932,8/15/1932,1930,8,Summer
965,34,1932,8/22/1932,1930,8,Summer
1125,35,1932,8/29/1932,1930,8,Summer
1081,36,1932,9/5/1932,1930,9,Autumn
1512,37,1932,9/12/1932,1930,9,Autumn
1915,38,1932,9/19/1932,1930,9,Autumn
2232,39,1932,9/26/1932,1930,9,Autumn
2634,40,1932,10/3/1932,1930,10,Autumn
2764,41,1932,10/10/1932,1930,10,Autumn
3397,42,1932,10/17/1932,1930,10,Autumn
3680,43,1932,10/24/1932,1930,10,Autumn
3570,44,1932,10/31/1932,1930,10,Autumn
3896,45,1932,11/7/1932,1930,11,Autumn
3944,46,1932,11/14/1932,1930,11,Autumn
4440,47,1932,11/21/1932,1930,11,Autumn
4658,48,1932,11/28/1932,1930,11,Autumn
4941,49,1932,12/5/1932,1930,12,Winter
4701,50,1932,12/12/1932,1930,12,Winter
3865,51,1932,12/19/1932,1930,12,Winter
4781,52,1932,12/26/1932,1930,12,Winter
4717,1,1933,1/2/1933,1930,1,Winter
5374,2,1933,1/9/1933,1930,1,Winter
5496,3,1933,1/16/1933,1930,1,Winter
5920,4,1933,1/23/1933,1930,1,Winter
5929,5,1933,1/30/1933,1930,1,Winter
5224,6,1933,2/6/1933,1930,2,Winter
5504,7,1933,2/13/1933,1930,2,Winter
5972,8,1933,2/20/1933,1930,2,Winter
6531,9,1933,2/27/1933,1930,2,Winter
6616,10,1933,3/6/1933,1930,3,Spring
6882,11,1933,3/13/1933,1930,3,Spring
6549,12,1933,3/20/1933,1930,3,Spring
7320,13,1933,3/27/1933,1930,3,Spring
6725,14,1933,4/3/1933,1930,4,Spring
6945,15,1933,4/10/1933,1930,4,Spring
5579,16,1933,4/17/1933,1930,4,Spring
5945,17,1933,4/24/1933,1930,4,Spring
5161,18,1933,5/1/1933,1930,5,Spring
5520,19,1933,5/8/1933,1930,5,Spring
4518,20,1933,5/15/1933,1930,5,Spring
4469,21,1933,5/22/1933,1930,5,Spring
4368,22,1933,5/29/1933,1930,5,Spring
3304,23,1933,6/5/1933,1930,6,Summer
2710,24,1933,6/12/1933,1930,6,Summer
2071,25,1933,6/19/1933,1930,6,Summer
1905,26,1933,6/26/1933,1930,6,Summer
1435,27,1933,7/3/1933,1930,7,Summer
1348,28,1933,7/10/1933,1930,7,Summer
1115,29,1933,7/17/1933,1930,7,Summer
994,30,1933,7/24/1933,1930,7,Summer
937,31,1933,7/31/1933,1930,7,Summer
1022,32,1933,8/7/1933,1930,8,Summer
881,33,1933,8/14/1933,1930,8,Summer
1099,34,1933,8/21/1933,1930,8,Summer
1089,35,1933,8/28/1933,1930,8,Summer
1311,36,1933,9/4/1933,1930,9,Autumn
1481,37,1933,9/11/1933,1930,9,Autumn
1800,38,1933,9/18/1933,1930,9,Autumn
2364,39,1933,9/25/1933,1930,9,Autumn
2462,40,1933,10/2/1933,1930,10,Autumn
3113,41,1933,10/9/1933,1930,10,Autumn
3746,42,1933,10/16/1933,1930,10,Autumn
3990,43,1933,10/23/1933,1930,10,Autumn
4607,44,1933,10/30/1933,1930,10,Autumn
4087,45,1933,11/6/1933,1930,11,Autumn
4588,46,1933,11/13/1933,1930,11,Autumn
4952,47,1933,11/20/1933,1930,11,Autumn
4914,48,1933,11/27/1933,1930,11,Autumn
5181,49,1933,12/4/1933,1930,12,Winter
4839,50,1933,12/11/1933,1930,12,Winter
4226,51,1933,12/18/1933,1930,12,Winter
4036,52,1933,12/25/1933,1930,12,Winter
4358,1,1934,1/1/1934,1930,1,Winter
5709,2,1934,1/8/1934,1930,1,Winter
5420,3,1934,1/15/1934,1930,1,Winter
5872,4,1934,1/22/1934,1930,1,Winter
6213,5,1934,1/29/1934,1930,1,Winter
5821,6,1934,2/5/1934,1930,2,Winter
6218,7,1934,2/12/1934,1930,2,Winter
5999,8,1934,2/19/1934,1930,2,Winter
6660,9,1934,2/26/1934,1930,2,Winter
6537,10,1934,3/5/1934,1930,3,Spring
6893,11,1934,3/12/1934,1930,3,Spring
6430,12,1934,3/19/1934,1930,3,Spring
6539,13,1934,3/26/1934,1930,3,Spring
6128,14,1934,4/2/1934,1930,4,Spring
6273,15,1934,4/9/1934,1930,4,Spring
5974,16,1934,4/16/1934,1930,4,Spring
5970,17,1934,4/23/1934,1930,4,Spring
5426,18,1934,4/30/1934,1930,4,Spring
5456,19,1934,5/7/1934,1930,5,Spring
5597,20,1934,5/14/1934,1930,5,Spring
4769,21,1934,5/21/1934,1930,5,Spring
4488,22,1934,5/28/1934,1930,5,Spring
3796,23,1934,6/4/1934,1930,6,Summer
3134,24,1934,6/11/1934,1930,6,Summer
2539,25,1934,6/18/1934,1930,6,Summer
2228,26,1934,6/25/1934,1930,6,Summer
1496,27,1934,7/2/1934,1930,7,Summer
1308,28,1934,7/9/1934,1930,7,Summer
1131,29,1934,7/16/1934,1930,7,Summer
1029,30,1934,7/23/1934,1930,7,Summer
947,31,1934,7/30/1934,1930,7,Summer
885,32,1934,8/6/1934,1930,8,Summer
850,33,1934,8/13/1934,1930,8,Summer
885,34,1934,8/20/1934,1930,8,Summer
856,35,1934,8/27/1934,1930,8,Summer
1265,36,1934,9/3/1934,1930,9,Autumn
1575,37,1934,9/10/1934,1930,9,Autumn
1882,38,1934,9/17/1934,1930,9,Autumn
2272,39,1934,9/24/1934,1930,9,Autumn
2626,40,1934,10/1/1934,1930,10,Autumn
2967,41,1934,10/8/1934,1930,10,Autumn
3774,42,1934,10/15/1934,1930,10,Autumn
3991,43,1934,10/22/1934,1930,10,Autumn
4318,44,1934,10/29/1934,1930,10,Autumn
4491,45,1934,11/5/1934,1930,11,Autumn
4840,46,1934,11/12/1934,1930,11,Autumn
5276,47,1934,11/19/1934,1930,11,Autumn
4624,48,1934,11/26/1934,1930,11,Autumn
5246,49,1934,12/3/1934,1930,12,Winter
5527,50,1934,12/10/1934,1930,12,Winter
5014,51,1934,12/17/1934,1930,12,Winter
5099,52,1934,12/24/1934,1930,12,Winter
6355,2,1935,1/7/1935,1930,1,Winter
6356,3,1935,1/14/1935,1930,1,Winter
6249,4,1935,1/21/1935,1930,1,Winter
6832,5,1935,1/28/1935,1930,1,Winter
6812,6,1935,2/4/1935,1930,2,Winter
7293,7,1935,2/11/1935,1930,2,Winter
6901,8,1935,2/18/1935,1930,2,Winter
7961,9,1935,2/25/1935,1930,2,Winter
7747,10,1935,3/4/1935,1930,3,Spring
7966,11,1935,3/11/1935,1930,3,Spring
8159,12,1935,3/18/1935,1930,3,Spring
8495,13,1935,3/25/1935,1930,3,Spring
7515,14,1935,4/1/1935,1930,4,Spring
7905,15,1935,4/8/1935,1930,4,Spring
7193,16,1935,4/15/1935,1930,4,Spring
7423,17,1935,4/22/1935,1930,4,Spring
7003,18,1935,4/29/1935,1930,4,Spring
6943,19,1935,5/6/1935,1930,5,Spring
6452,20,1935,5/13/1935,1930,5,Spring
6494,21,1935,5/20/1935,1930,5,Spring
5834,22,1935,5/27/1935,1930,5,Spring
5385,23,1935,6/3/1935,1930,6,Summer
4733,24,1935,6/10/1935,1930,6,Summer
3420,25,1935,6/17/1935,1930,6,Summer
2743,26,1935,6/24/1935,1930,6,Summer
1945,27,1935,7/1/1935,1930,7,Summer
1656,28,1935,7/8/1935,1930,7,Summer
1357,29,1935,7/15/1935,1930,7,Summer
1211,30,1935,7/22/1935,1930,7,Summer
905,31,1935,7/29/1935,1930,7,Summer
878,32,1935,8/5/1935,1930,8,Summer
948,33,1935,8/12/1935,1930,8,Summer
877,34,1935,8/19/1935,1930,8,Summer
955,35,1935,8/26/1935,1930,8,Summer
1224,36,1935,9/2/1935,1930,9,Autumn
1562,37,1935,9/9/1935,1930,9,Autumn
1841,38,1935,9/16/1935,1930,9,Autumn
2210,39,1935,9/23/1935,1930,9,Autumn
2664,40,1935,9/30/1935,1930,9,Autumn
3017,41,1935,10/7/1935,1930,10,Autumn
4147,42,1935,10/14/1935,1930,10,Autumn
4001,43,1935,10/21/1935,1930,10,Autumn
4587,44,1935,10/28/1935,1930,10,Autumn
4519,45,1935,11/4/1935,1930,11,Autumn
4927,46,1935,11/11/1935,1930,11,Autumn
5056,47,1935,11/18/1935,1930,11,Autumn
5268,48,1935,11/25/1935,1930,11,Autumn
5300,1,1935,12/31/1934,1930,12,Winter
6194,49,1935,12/2/1935,1930,12,Winter
6766,50,1935,12/9/1935,1930,12,Winter
6084,51,1935,12/16/1935,1930,12,Winter
5391,52,1935,12/23/1935,1930,12,Winter
7176,2,1936,1/6/1936,1930,1,Winter
8030,3,1936,1/13/1936,1930,1,Winter
7411,4,1936,1/20/1936,1930,1,Winter
7110,5,1936,1/27/1936,1930,1,Winter
7326,6,1936,2/3/1936,1930,2,Winter
7444,7,1936,2/10/1936,1930,2,Winter
7251,8,1936,2/17/1936,1930,2,Winter
8777,9,1936,2/24/1936,1930,2,Winter
8871,10,1936,3/2/1936,1930,3,Spring
9018,11,1936,3/9/1936,1930,3,Spring
8652,12,1936,3/16/1936,1930,3,Spring
8544,13,1936,3/23/1936,1930,3,Spring
8319,14,1936,3/30/1936,1930,3,Spring
7138,15,1936,4/6/1936,1930,4,Spring
7546,16,1936,4/13/1936,1930,4,Spring
6982,17,1936,4/20/1936,1930,4,Spring
7295,18,1936,4/27/1936,1930,4,Spring
6104,19,1936,5/4/1936,1930,5,Spring
5761,20,1936,5/11/1936,1930,5,Spring
5438,21,1936,5/18/1936,1930,5,Spring
4379,22,1936,5/25/1936,1930,5,Spring
4518,23,1936,6/1/1936,1930,6,Summer
4162,24,1936,6/8/1936,1930,6,Summer
3307,25,1936,6/15/1936,1930,6,Summer
2464,26,1936,6/22/1936,1930,6,Summer
2201,27,1936,6/29/1936,1930,6,Summer
1648,28,1936,7/6/1936,1930,7,Summer
1389,29,1936,7/13/1936,1930,7,Summer
998,30,1936,7/20/1936,1930,7,Summer
1038,31,1936,7/27/1936,1930,7,Summer
1016,32,1936,8/3/1936,1930,8,Summer
979,33,1936,8/10/1936,1930,8,Summer
804,34,1936,8/17/1936,1930,8,Summer
844,35,1936,8/24/1936,1930,8,Summer
865,36,1936,8/31/1936,1930,8,Summer
986,37,1936,9/7/1936,1930,9,Autumn
1241,38,1936,9/14/1936,1930,9,Autumn
1324,39,1936,9/21/1936,1930,9,Autumn
1664,40,1936,9/28/1936,1930,9,Autumn
1990,41,1936,10/5/1936,1930,10,Autumn
2277,42,1936,10/12/1936,1930,10,Autumn
2753,43,1936,10/19/1936,1930,10,Autumn
2916,44,1936,10/26/1936,1930,10,Autumn
3207,45,1936,11/2/1936,1930,11,Autumn
3613,46,1936,11/9/1936,1930,11,Autumn
3979,47,1936,11/16/1936,1930,11,Autumn
3896,48,1936,11/23/1936,1930,11,Autumn
4468,49,1936,11/30/1936,1930,11,Autumn
6041,1,1936,12/30/1935,1930,12,Winter
4658,50,1936,12/7/1936,1930,12,Winter
4783,51,1936,12/14/1936,1930,12,Winter
3721,52,1936,12/21/1936,1930,12,Winter
4607,53,1936,12/28/1936,1930,12,Winter
5167,1,1937,1/4/1937,1930,1,Winter
6270,2,1937,1/11/1937,1930,1,Winter
6060,3,1937,1/18/1937,1930,1,Winter
6361,4,1937,1/25/1937,1930,1,Winter
6183,5,1937,2/1/1937,1930,2,Winter
6661,6,1937,2/8/1937,1930,2,Winter
7072,7,1937,2/15/1937,1930,2,Winter
6969,8,1937,2/22/1937,1930,2,Winter
7829,10,1937,3/8/1937,1930,3,Spring
7900,11,1937,3/15/1937,1930,3,Spring
7410,12,1937,3/22/1937,1930,3,Spring
7609,13,1937,3/29/1937,1930,3,Spring
7153,9,1937,3/1/1937,1930,3,Spring
6992,14,1937,4/5/1937,1930,4,Spring
8359,15,1937,4/12/1937,1930,4,Spring
7018,16,1937,4/19/1937,1930,4,Spring
6904,17,1937,4/26/1937,1930,4,Spring
6338,18,1937,5/3/1937,1930,5,Spring
5783,19,1937,5/10/1937,1930,5,Spring
5616,20,1937,5/17/1937,1930,5,Spring
5791,21,1937,5/24/1937,1930,5,Spring
4470,22,1937,5/31/1937,1930,5,Spring
4011,23,1937,6/7/1937,1930,6,Summer
3033,24,1937,6/14/1937,1930,6,Summer
2932,25,1937,6/21/1937,1930,6,Summer
2139,26,1937,6/28/1937,1930,6,Summer
1550,27,1937,7/5/1937,1930,7,Summer
1391,28,1937,7/12/1937,1930,7,Summer
1002,29,1937,7/19/1937,1930,7,Summer
1020,30,1937,7/26/1937,1930,7,Summer
939,31,1937,8/2/1937,1930,8,Summer
865,32,1937,8/9/1937,1930,8,Summer
819,33,1937,8/16/1937,1930,8,Summer
843,34,1937,8/23/1937,1930,8,Summer
880,35,1937,8/30/1937,1930,8,Summer
910,36,1937,9/6/1937,1930,9,Autumn
1298,37,1937,9/13/1937,1930,9,Autumn
1671,38,1937,9/20/1937,1930,9,Autumn
2125,39,1937,9/27/1937,1930,9,Autumn
2338,40,1937,10/4/1937,1930,10,Autumn
2668,41,1937,10/11/1937,1930,10,Autumn
2896,42,1937,10/18/1937,1930,10,Autumn
3153,43,1937,10/25/1937,1930,10,Autumn
3792,44,1937,11/1/1937,1930,11,Autumn
3993,45,1937,11/8/1937,1930,11,Autumn
4276,46,1937,11/15/1937,1930,11,Autumn
4048,47,1937,11/22/1937,1930,11,Autumn
4735,48,1937,11/29/1937,1930,11,Autumn
5022,49,1937,12/6/1937,1930,12,Winter
4806,50,1937,12/13/1937,1930,12,Winter
4136,51,1937,12/20/1937,1930,12,Winter
4977,52,1937,12/27/1937,1930,12,Winter
5024,1,1938,1/3/1938,1930,1,Winter
6176,2,1938,1/10/1938,1930,1,Winter
6218,3,1938,1/17/1938,1930,1,Winter
6358,4,1938,1/24/1938,1930,1,Winter
6004,5,1938,1/31/1938,1930,1,Winter
6146,6,1938,2/7/1938,1930,2,Winter
5781,7,1938,2/14/1938,1930,2,Winter
6358,8,1938,2/21/1938,1930,2,Winter
6224,9,1938,2/28/1938,1930,2,Winter
6900,10,1938,3/7/1938,1930,3,Spring
6205,11,1938,3/14/1938,1930,3,Spring
6209,12,1938,3/21/1938,1930,3,Spring
5767,13,1938,3/28/1938,1930,3,Spring
5703,14,1938,4/4/1938,1930,4,Spring
5690,15,1938,4/11/1938,1930,4,Spring
5042,16,1938,4/18/1938,1930,4,Spring
4533,17,1938,4/25/1938,1930,4,Spring
4807,18,1938,5/2/1938,1930,5,Spring
4284,19,1938,5/9/1938,1930,5,Spring
4406,20,1938,5/16/1938,1930,5,Spring
3692,21,1938,5/23/1938,1930,5,Spring
3315,22,1938,5/30/1938,1930,5,Spring
2980,23,1938,6/6/1938,1930,6,Summer
2698,24,1938,6/13/1938,1930,6,Summer
2168,25,1938,6/20/1938,1930,6,Summer
1617,26,1938,6/27/1938,1930,6,Summer
1283,27,1938,7/4/1938,1930,7,Summer
1298,28,1938,7/11/1938,1930,7,Summer
899,29,1938,7/18/1938,1930,7,Summer
884,30,1938,7/25/1938,1930,7,Summer
927,31,1938,8/1/1938,1930,8,Summer
798,32,1938,8/8/1938,1930,8,Summer
732,33,1938,8/15/1938,1930,8,Summer
666,34,1938,8/22/1938,1930,8,Summer
843,35,1938,8/29/1938,1930,8,Summer
209,36,1938,9/5/1938,1930,9,Autumn
1182,37,1938,9/12/1938,1930,9,Autumn
1387,38,1938,9/19/1938,1930,9,Autumn
1871,39,1938,9/26/1938,1930,9,Autumn
2181,40,1938,10/3/1938,1930,10,Autumn
2416,41,1938,10/10/1938,1930,10,Autumn
2816,42,1938,10/17/1938,1930,10,Autumn
2882,43,1938,10/24/1938,1930,10,Autumn
3002,44,1938,10/31/1938,1930,10,Autumn
3021,45,1938,11/7/1938,1930,11,Autumn
3673,46,1938,11/14/1938,1930,11,Autumn
3354,47,1938,11/21/1938,1930,11,Autumn
3959,48,1938,11/28/1938,1930,11,Autumn
3741,49,1938,12/5/1938,1930,12,Winter
4234,50,1938,12/12/1938,1930,12,Winter
3599,51,1938,12/19/1938,1930,12,Winter
3497,52,1938,12/26/1938,1930,12,Winter
4459,1,1939,1/2/1939,1930,1,Winter
5287,2,1939,1/9/1939,1930,1,Winter
5492,3,1939,1/16/1939,1930,1,Winter
5343,4,1939,1/23/1939,1930,1,Winter
5601,5,1939,1/30/1939,1930,1,Winter
5620,6,1939,2/6/1939,1930,2,Winter
5518,7,1939,2/13/1939,1930,2,Winter
5430,8,1939,2/20/1939,1930,2,Winter
5398,9,1939,2/27/1939,1930,2,Winter
5818,10,1939,3/6/1939,1930,3,Spring
5029,11,1939,3/13/1939,1930,3,Spring
4912,12,1939,3/20/1939,1930,3,Spring
5064,13,1939,3/27/1939,1930,3,Spring
4355,14,1939,4/3/1939,1930,4,Spring
4409,15,1939,4/10/1939,1930,4,Spring
4180,16,1939,4/17/1939,1930,4,Spring
4386,17,1939,4/24/1939,1930,4,Spring
4099,18,1939,5/1/1939,1930,5,Spring
3823,19,1939,5/8/1939,1930,5,Spring
3672,20,1939,5/15/1939,1930,5,Spring
3354,21,1939,5/22/1939,1930,5,Spring
2559,22,1939,5/29/1939,1930,5,Spring
2245,23,1939,6/5/1939,1930,6,Summer
1890,24,1939,6/12/1939,1930,6,Summer
1578,25,1939,6/19/1939,1930,6,Summer
1277,26,1939,6/26/1939,1930,6,Summer
921,27,1939,7/3/1939,1930,7,Summer
956,28,1939,7/10/1939,1930,7,Summer
814,29,1939,7/17/1939,1930,7,Summer
793,30,1939,7/24/1939,1930,7,Summer
751,31,1939,7/31/1939,1930,7,Summer
759,32,1939,8/7/1939,1930,8,Summer
690,33,1939,8/14/1939,1930,8,Summer
697,34,1939,8/21/1939,1930,8,Summer
798,35,1939,8/28/1939,1930,8,Summer
962,36,1939,9/4/1939,1930,9,Autumn
1022,37,1939,9/11/1939,1930,9,Autumn
1266,38,1939,9/18/1939,1930,9,Autumn
1487,39,1939,9/25/1939,1930,9,Autumn
1632,40,1939,10/2/1939,1930,10,Autumn
1981,41,1939,10/9/1939,1930,10,Autumn
2277,42,1939,10/16/1939,1930,10,Autumn
2511,43,1939,10/23/1939,1930,10,Autumn
2659,44,1939,10/30/1939,1930,10,Autumn
2841,45,1939,11/6/1939,1930,11,Autumn
3571,46,1939,11/13/1939,1930,11,Autumn
3363,47,1939,11/20/1939,1930,11,Autumn
3880,48,1939,11/27/1939,1930,11,Autumn
3834,49,1939,12/4/1939,1930,12,Winter
3829,50,1939,12/11/1939,1930,12,Winter
3457,51,1939,12/18/1939,1930,12,Winter
3552,52,1939,12/25/1939,1930,12,Winter
3597,1,1940,1/1/1940,1940,1,Winter
4134,2,1940,1/8/1940,1940,1,Winter
4224,3,1940,1/15/1940,1940,1,Winter
4527,4,1940,1/22/1940,1940,1,Winter
4868,5,1940,1/29/1940,1940,1,Winter
4595,6,1940,2/5/1940,1940,2,Winter
4903,7,1940,2/12/1940,1940,2,Winter
4911,8,1940,2/19/1940,1940,2,Winter
5147,9,1940,2/26/1940,1940,2,Winter
5024,10,1940,3/4/1940,1940,3,Spring
5152,11,1940,3/11/1940,1940,3,Spring
5018,12,1940,3/18/1940,1940,3,Spring
5416,13,1940,3/25/1940,1940,3,Spring
5188,14,1940,4/1/1940,1940,4,Spring
4995,15,1940,4/8/1940,1940,4,Spring
4881,16,1940,4/15/1940,1940,4,Spring
5170,17,1940,4/22/1940,1940,4,Spring
5030,18,1940,4/29/1940,1940,4,Spring
4887,19,1940,5/6/1940,1940,5,Spring
4743,20,1940,5/13/1940,1940,5,Spring
4272,21,1940,5/20/1940,1940,5,Spring
3476,22,1940,5/27/1940,1940,5,Spring
3099,23,1940,6/3/1940,1940,6,Summer
2325,24,1940,6/10/1940,1940,6,Summer
1865,25,1940,6/17/1940,1940,6,Summer
1483,26,1940,6/24/1940,1940,6,Summer
1130,27,1940,7/1/1940,1940,7,Summer
1225,28,1940,7/8/1940,1940,7,Summer
960,29,1940,7/15/1940,1940,7,Summer
746,30,1940,7/22/1940,1940,7,Summer
705,31,1940,7/29/1940,1940,7,Summer
582,32,1940,8/5/1940,1940,8,Summer
602,33,1940,8/12/1940,1940,8,Summer
588,34,1940,8/19/1940,1940,8,Summer
581,35,1940,8/26/1940,1940,8,Summer
748,36,1940,9/2/1940,1940,9,Autumn
884,37,1940,9/9/1940,1940,9,Autumn
1218,38,1940,9/16/1940,1940,9,Autumn
1436,40,1940,9/30/1940,1940,9,Autumn
1654,41,1940,10/7/1940,1940,10,Autumn
1985,42,1940,10/14/1940,1940,10,Autumn
2129,43,1940,10/21/1940,1940,10,Autumn
2160,44,1940,10/28/1940,1940,10,Autumn
2288,45,1940,11/4/1940,1940,11,Autumn
2568,46,1940,11/11/1940,1940,11,Autumn
2357,47,1940,11/18/1940,1940,11,Autumn
2792,48,1940,11/25/1940,1940,11,Autumn
2974,49,1940,12/2/1940,1940,12,Winter
3130,50,1940,12/9/1940,1940,12,Winter
2813,51,1940,12/16/1940,1940,12,Winter
2639,52,1940,12/23/1940,1940,12,Winter
3211,2,1941,1/6/1941,1940,1,Winter
3315,3,1941,1/13/1941,1940,1,Winter
3485,4,1941,1/20/1941,1940,1,Winter
3330,5,1941,1/27/1941,1940,1,Winter
3466,6,1941,2/3/1941,1940,2,Winter
6838,7,1941,2/10/1941,1940,2,Winter
3884,9,1941,2/24/1941,1940,2,Winter
3981,10,1941,3/3/1941,1940,3,Spring
4131,11,1941,3/10/1941,1940,3,Spring
4288,12,1941,3/17/1941,1940,3,Spring
4451,13,1941,3/24/1941,1940,3,Spring
4463,14,1941,3/31/1941,1940,3,Spring
4108,15,1941,4/7/1941,1940,4,Spring
3938,16,1941,4/14/1941,1940,4,Spring
3514,17,1941,4/21/1941,1940,4,Spring
3530,18,1941,4/28/1941,1940,4,Spring
3488,19,1941,5/5/1941,1940,5,Spring
3300,20,1941,5/12/1941,1940,5,Spring
3218,21,1941,5/19/1941,1940,5,Spring
2460,22,1941,5/26/1941,1940,5,Spring
2335,23,1941,6/2/1941,1940,6,Summer
2043,24,1941,6/9/1941,1940,6,Summer
1845,25,1941,6/16/1941,1940,6,Summer
1408,26,1941,6/23/1941,1940,6,Summer
922,27,1941,6/30/1941,1940,6,Summer
878,28,1941,7/7/1941,1940,7,Summer
750,29,1941,7/14/1941,1940,7,Summer
702,30,1941,7/21/1941,1940,7,Summer
677,31,1941,7/28/1941,1940,7,Summer
585,32,1941,8/4/1941,1940,8,Summer
524,33,1941,8/11/1941,1940,8,Summer
558,34,1941,8/18/1941,1940,8,Summer
617,35,1941,8/25/1941,1940,8,Summer
689,36,1941,9/1/1941,1940,9,Autumn
819,37,1941,9/8/1941,1940,9,Autumn
953,38,1941,9/15/1941,1940,9,Autumn
1142,39,1941,9/22/1941,1940,9,Autumn
1384,40,1941,9/29/1941,1940,9,Autumn
1466,41,1941,10/6/1941,1940,10,Autumn
1846,42,1941,10/13/1941,1940,10,Autumn
1902,43,1941,10/20/1941,1940,10,Autumn
2104,44,1941,10/27/1941,1940,10,Autumn
1993,45,1941,11/3/1941,1940,11,Autumn
2651,46,1941,11/10/1941,1940,11,Autumn
2642,47,1941,11/17/1941,1940,11,Autumn
2903,48,1941,11/24/1941,1940,11,Autumn
2663,1,1941,12/30/1940,1940,12,Winter
3091,49,1941,12/1/1941,1940,12,Winter
3103,50,1941,12/8/1941,1940,12,Winter
2979,51,1941,12/15/1941,1940,12,Winter
2651,52,1941,12/22/1941,1940,12,Winter
2922,53,1941,12/29/1941,1940,12,Winter
3292,2,1942,1/5/1942,1940,1,Winter
3981,3,1942,1/12/1942,1940,1,Winter
3746,4,1942,1/19/1942,1940,1,Winter
3925,5,1942,1/26/1942,1940,1,Winter
3827,6,1942,2/2/1942,1940,2,Winter
4069,7,1942,2/9/1942,1940,2,Winter
4339,8,1942,2/16/1942,1940,2,Winter
4357,9,1942,2/23/1942,1940,2,Winter
5036,10,1942,3/2/1942,1940,3,Spring
4426,11,1942,3/9/1942,1940,3,Spring
4260,12,1942,3/16/1942,1940,3,Spring
3829,13,1942,3/23/1942,1940,3,Spring
3729,14,1942,3/30/1942,1940,3,Spring
3531,15,1942,4/6/1942,1940,4,Spring
3606,16,1942,4/13/1942,1940,4,Spring
3334,17,1942,4/20/1942,1940,4,Spring
2975,18,1942,4/27/1942,1940,4,Spring
2742,19,1942,5/4/1942,1940,5,Spring
2500,20,1942,5/11/1942,1940,5,Spring
2232,21,1942,5/18/1942,1940,5,Spring
2137,22,1942,5/25/1942,1940,5,Spring
1859,23,1942,6/1/1942,1940,6,Summer
1275,24,1942,6/8/1942,1940,6,Summer
1197,25,1942,6/15/1942,1940,6,Summer
1012,26,1942,6/22/1942,1940,6,Summer
826,27,1942,6/29/1942,1940,6,Summer
831,28,1942,7/6/1942,1940,7,Summer
692,29,1942,7/13/1942,1940,7,Summer
639,30,1942,7/20/1942,1940,7,Summer
673,31,1942,7/27/1942,1940,7,Summer
578,32,1942,8/3/1942,1940,8,Summer
641,33,1942,8/10/1942,1940,8,Summer
586,34,1942,8/17/1942,1940,8,Summer
683,35,1942,8/24/1942,1940,8,Summer
830,36,1942,8/31/1942,1940,8,Summer
949,37,1942,9/7/1942,1940,9,Autumn
1110,38,1942,9/14/1942,1940,9,Autumn
1385,39,1942,9/21/1942,1940,9,Autumn
1721,40,1942,9/28/1942,1940,9,Autumn
2041,41,1942,10/5/1942,1940,10,Autumn
2089,42,1942,10/12/1942,1940,10,Autumn
2284,43,1942,10/19/1942,1940,10,Autumn
2556,44,1942,10/26/1942,1940,10,Autumn
2518,45,1942,11/2/1942,1940,11,Autumn
2634,46,1942,11/9/1942,1940,11,Autumn
2595,47,1942,11/16/1942,1940,11,Autumn
2717,48,1942,11/23/1942,1940,11,Autumn
2967,49,1942,11/30/1942,1940,11,Autumn
3101,1,1942,12/29/1941,1940,12,Winter
2627,50,1942,12/7/1942,1940,12,Winter
2530,51,1942,12/14/1942,1940,12,Winter
2858,52,1942,12/21/1942,1940,12,Winter
3457,1,1943,1/4/1943,1940,1,Winter
3637,2,1943,1/11/1943,1940,1,Winter
3635,3,1943,1/18/1943,1940,1,Winter
3401,4,1943,1/25/1943,1940,1,Winter
4037,5,1943,2/1/1943,1940,2,Winter
3823,6,1943,2/8/1943,1940,2,Winter
4038,7,1943,2/15/1943,1940,2,Winter
4365,8,1943,2/22/1943,1940,2,Winter
4079,10,1943,3/8/1943,1940,3,Spring
4360,11,1943,3/15/1943,1940,3,Spring
4107,12,1943,3/22/1943,1940,3,Spring
4336,13,1943,3/29/1943,1940,3,Spring
3741,9,1943,3/1/1943,1940,3,Spring
4246,14,1943,4/5/1943,1940,4,Spring
4483,15,1943,4/12/1943,1940,4,Spring
4031,16,1943,4/19/1943,1940,4,Spring
4104,17,1943,4/26/1943,1940,4,Spring
3859,18,1943,5/3/1943,1940,5,Spring
3963,19,1943,5/10/1943,1940,5,Spring
3686,20,1943,5/17/1943,1940,5,Spring
3088,21,1943,5/24/1943,1940,5,Spring
2844,22,1943,5/31/1943,1940,5,Spring
2294,23,1943,6/7/1943,1940,6,Summer
1897,24,1943,6/14/1943,1940,6,Summer
1509,25,1943,6/21/1943,1940,6,Summer
1126,26,1943,6/28/1943,1940,6,Summer
964,27,1943,7/5/1943,1940,7,Summer
846,28,1943,7/12/1943,1940,7,Summer
807,29,1943,7/19/1943,1940,7,Summer
677,30,1943,7/26/1943,1940,7,Summer
744,31,1943,8/2/1943,1940,8,Summer
660,32,1943,8/9/1943,1940,8,Summer
863,33,1943,8/16/1943,1940,8,Summer
767,34,1943,8/23/1943,1940,8,Summer
821,35,1943,8/30/1943,1940,8,Summer
804,36,1943,9/6/1943,1940,9,Autumn
1119,37,1943,9/13/1943,1940,9,Autumn
1363,38,1943,9/20/1943,1940,9,Autumn
1756,39,1943,9/27/1943,1940,9,Autumn
1994,40,1943,10/4/1943,1940,10,Autumn
2256,41,1943,10/11/1943,1940,10,Autumn
2510,42,1943,10/18/1943,1940,10,Autumn
2355,43,1943,10/25/1943,1940,10,Autumn
2860,44,1943,11/1/1943,1940,11,Autumn
2609,45,1943,11/8/1943,1940,11,Autumn
3014,46,1943,11/15/1943,1940,11,Autumn
2930,47,1943,11/22/1943,1940,11,Autumn
3244,48,1943,11/29/1943,1940,11,Autumn
3557,49,1943,12/6/1943,1940,12,Winter
3015,50,1943,12/13/1943,1940,12,Winter
2712,51,1943,12/20/1943,1940,12,Winter
3021,52,1943,12/27/1943,1940,12,Winter
3464,1,1944,1/3/1944,1940,1,Winter
3860,2,1944,1/10/1944,1940,1,Winter
4806,3,1944,1/17/1944,1940,1,Winter
4936,4,1944,1/24/1944,1940,1,Winter
5365,5,1944,1/31/1944,1940,1,Winter
5803,6,1944,2/7/1944,1940,2,Winter
5770,7,1944,2/14/1944,1940,2,Winter
6424,8,1944,2/21/1944,1940,2,Winter
6985,9,1944,2/28/1944,1940,2,Winter
6945,10,1944,3/6/1944,1940,3,Spring
7373,11,1944,3/13/1944,1940,3,Spring
7356,12,1944,3/20/1944,1940,3,Spring
7727,13,1944,3/27/1944,1940,3,Spring
7298,14,1944,4/3/1944,1940,4,Spring
7238,15,1944,4/10/1944,1940,4,Spring
6807,16,1944,4/17/1944,1940,4,Spring
7439,17,1944,4/24/1944,1940,4,Spring
6672,18,1944,5/1/1944,1940,5,Spring
6162,19,1944,5/8/1944,1940,5,Spring
5425,20,1944,5/15/1944,1940,5,Spring
4365,21,1944,5/22/1944,1940,5,Spring
3870,22,1944,5/29/1944,1940,5,Spring
3165,23,1944,6/5/1944,1940,6,Summer
2810,24,1944,6/12/1944,1940,6,Summer
1836,25,1944,6/19/1944,1940,6,Summer
1473,26,1944,6/26/1944,1940,6,Summer
1389,27,1944,7/3/1944,1940,7,Summer
975,28,1944,7/10/1944,1940,7,Summer
812,29,1944,7/17/1944,1940,7,Summer
819,30,1944,7/24/1944,1940,7,Summer
843,31,1944,7/31/1944,1940,7,Summer
711,32,1944,8/7/1944,1940,8,Summer
650,33,1944,8/14/1944,1940,8,Summer
647,34,1944,8/21/1944,1940,8,Summer
654,35,1944,8/28/1944,1940,8,Summer
795,36,1944,9/4/1944,1940,9,Autumn
893,37,1944,9/11/1944,1940,9,Autumn
1128,38,1944,9/18/1944,1940,9,Autumn
1536,40,1944,10/2/1944,1940,10,Autumn
1565,41,1944,10/9/1944,1940,10,Autumn
2041,42,1944,10/16/1944,1940,10,Autumn
2412,43,1944,10/23/1944,1940,10,Autumn
2474,44,1944,10/30/1944,1940,10,Autumn
2845,45,1944,11/6/1944,1940,11,Autumn
3243,46,1944,11/13/1944,1940,11,Autumn
3027,47,1944,11/20/1944,1940,11,Autumn
3462,48,1944,11/27/1944,1940,11,Autumn
3768,49,1944,12/4/1944,1940,12,Winter
3860,50,1944,12/11/1944,1940,12,Winter
3362,51,1944,12/18/1944,1940,12,Winter
3759,52,1944,12/25/1944,1940,12,Winter
3922,1,1945,1/1/1945,1940,1,Winter
4989,2,1945,1/8/1945,1940,1,Winter
4938,3,1945,1/15/1945,1940,1,Winter
5127,4,1945,1/22/1945,1940,1,Winter
5427,5,1945,1/29/1945,1940,1,Winter
5668,6,1945,2/5/1945,1940,2,Winter
5887,7,1945,2/12/1945,1940,2,Winter
5938,8,1945,2/19/1945,1940,2,Winter
6425,9,1945,2/26/1945,1940,2,Winter
6413,10,1945,3/5/1945,1940,3,Spring
6660,11,1945,3/12/1945,1940,3,Spring
6624,12,1945,3/19/1945,1940,3,Spring
5897,13,1945,3/26/1945,1940,3,Spring
5180,14,1945,4/2/1945,1940,4,Spring
4660,15,1945,4/9/1945,1940,4,Spring
5155,16,1945,4/16/1945,1940,4,Spring
4899,17,1945,4/23/1945,1940,4,Spring
4810,18,1945,4/30/1945,1940,4,Spring
4660,19,1945,5/7/1945,1940,5,Spring
4652,20,1945,5/14/1945,1940,5,Spring
4679,21,1945,5/21/1945,1940,5,Spring
3889,22,1945,5/28/1945,1940,5,Spring
3698,23,1945,6/4/1945,1940,6,Summer
3246,24,1945,6/11/1945,1940,6,Summer
2448,25,1945,6/18/1945,1940,6,Summer
1805,26,1945,6/25/1945,1940,6,Summer
1140,27,1945,7/2/1945,1940,7,Summer
1101,28,1945,7/9/1945,1940,7,Summer
996,29,1945,7/16/1945,1940,7,Summer
1013,30,1945,7/23/1945,1940,7,Summer
839,31,1945,7/30/1945,1940,7,Summer
814,32,1945,8/6/1945,1940,8,Summer
730,33,1945,8/13/1945,1940,8,Summer
865,34,1945,8/20/1945,1940,8,Summer
782,35,1945,8/27/1945,1940,8,Summer
979,36,1945,9/3/1945,1940,9,Autumn
1023,37,1945,9/10/1945,1940,9,Autumn
1177,38,1945,9/17/1945,1940,9,Autumn
1408,39,1945,9/24/1945,1940,9,Autumn
1473,40,1945,10/1/1945,1940,10,Autumn
1736,41,1945,10/8/1945,1940,10,Autumn
2280,42,1945,10/15/1945,1940,10,Autumn
2394,43,1945,10/22/1945,1940,10,Autumn
2611,44,1945,10/29/1945,1940,10,Autumn
2626,45,1945,11/5/1945,1940,11,Autumn
2655,46,1945,11/12/1945,1940,11,Autumn
2574,47,1945,11/19/1945,1940,11,Autumn
2871,48,1945,11/26/1945,1940,11,Autumn
2901,49,1945,12/3/1945,1940,12,Winter
2882,50,1945,12/10/1945,1940,12,Winter
2397,51,1945,12/17/1945,1940,12,Winter
2211,52,1945,12/24/1945,1940,12,Winter
2722,2,1946,1/7/1946,1940,1,Winter
2711,3,1946,1/14/1946,1940,1,Winter
3123,4,1946,1/21/1946,1940,1,Winter
3216,5,1946,1/28/1946,1940,1,Winter
3324,6,1946,2/4/1946,1940,2,Winter
3615,7,1946,2/11/1946,1940,2,Winter
3288,8,1946,2/18/1946,1940,2,Winter
3948,9,1946,2/25/1946,1940,2,Winter
4171,10,1946,3/4/1946,1940,3,Spring
4024,11,1946,3/11/1946,1940,3,Spring
3877,12,1946,3/18/1946,1940,3,Spring
4139,13,1946,3/25/1946,1940,3,Spring
3951,14,1946,4/1/1946,1940,4,Spring
3971,15,1946,4/8/1946,1940,4,Spring
3833,16,1946,4/15/1946,1940,4,Spring
3624,17,1946,4/22/1946,1940,4,Spring
3225,18,1946,4/29/1946,1940,4,Spring
3358,19,1946,5/6/1946,1940,5,Spring
3421,20,1946,5/13/1946,1940,5,Spring
2892,21,1946,5/20/1946,1940,5,Spring
2458,22,1946,5/27/1946,1940,5,Spring
2213,23,1946,6/3/1946,1940,6,Summer
1922,24,1946,6/10/1946,1940,6,Summer
1482,25,1946,6/17/1946,1940,6,Summer
1223,26,1946,6/24/1946,1940,6,Summer
823,27,1946,7/1/1946,1940,7,Summer
855,28,1946,7/8/1946,1940,7,Summer
686,29,1946,7/15/1946,1940,7,Summer
589,30,1946,7/22/1946,1940,7,Summer
673,31,1946,7/29/1946,1940,7,Summer
555,32,1946,8/5/1946,1940,8,Summer
544,33,1946,8/12/1946,1940,8,Summer
546,34,1946,8/19/1946,1940,8,Summer
527,35,1946,8/26/1946,1940,8,Summer
564,36,1946,9/2/1946,1940,9,Autumn
751,37,1946,9/9/1946,1940,9,Autumn
765,38,1946,9/16/1946,1940,9,Autumn
912,39,1946,9/23/1946,1940,9,Autumn
1019,40,1946,9/30/1946,1940,9,Autumn
1132,41,1946,10/7/1946,1940,10,Autumn
1386,42,1946,10/14/1946,1940,10,Autumn
1666,43,1946,10/21/1946,1940,10,Autumn
1566,44,1946,10/28/1946,1940,10,Autumn
1584,45,1946,11/4/1946,1940,11,Autumn
1726,46,1946,11/11/1946,1940,11,Autumn
2011,47,1946,11/18/1946,1940,11,Autumn
1730,48,1946,11/25/1946,1940,11,Autumn
2383,1,1946,12/31/1945,1940,12,Winter
2161,49,1946,12/2/1946,1940,12,Winter
2267,50,1946,12/9/1946,1940,12,Winter
1956,51,1946,12/16/1946,1940,12,Winter
1873,52,1946,12/23/1946,1940,12,Winter
2336,2,1947,1/6/1947,1940,1,Winter
2428,3,1947,1/13/1947,1940,1,Winter
2844,4,1947,1/20/1947,1940,1,Winter
2705,5,1947,1/27/1947,1940,1,Winter
2646,6,1947,2/3/1947,1940,2,Winter
2798,7,1947,2/10/1947,1940,2,Winter
2868,8,1947,2/17/1947,1940,2,Winter
3032,9,1947,2/24/1947,1940,2,Winter
3008,10,1947,3/3/1947,1940,3,Spring
3129,11,1947,3/10/1947,1940,3,Spring
3103,12,1947,3/17/1947,1940,3,Spring
2892,13,1947,3/24/1947,1940,3,Spring
2354,14,1947,3/31/1947,1940,3,Spring
2381,15,1947,4/7/1947,1940,4,Spring
2076,16,1947,4/14/1947,1940,4,Spring
3017,17,1947,4/21/1947,1940,4,Spring
2047,18,1947,4/28/1947,1940,4,Spring
1957,19,1947,5/5/1947,1940,5,Spring
1897,20,1947,5/12/1947,1940,5,Spring
1811,21,1947,5/19/1947,1940,5,Spring
1513,22,1947,5/26/1947,1940,5,Spring
1555,23,1947,6/2/1947,1940,6,Summer
1263,24,1947,6/9/1947,1940,6,Summer
1018,25,1947,6/16/1947,1940,6,Summer
614,27,1947,6/30/1947,1940,6,Summer
604,28,1947,7/7/1947,1940,7,Summer
555,29,1947,7/14/1947,1940,7,Summer
466,30,1947,7/21/1947,1940,7,Summer
451,31,1947,7/28/1947,1940,7,Summer
455,32,1947,8/4/1947,1940,8,Summer
377,33,1947,8/11/1947,1940,8,Summer
370,34,1947,8/18/1947,1940,8,Summer
402,35,1947,8/25/1947,1940,8,Summer
400,36,1947,9/1/1947,1940,9,Autumn
433,37,1947,9/8/1947,1940,9,Autumn
482,38,1947,9/15/1947,1940,9,Autumn
584,39,1947,9/22/1947,1940,9,Autumn
721,40,1947,9/29/1947,1940,9,Autumn
873,41,1947,10/6/1947,1940,10,Autumn
1028,42,1947,10/13/1947,1940,10,Autumn
1152,43,1947,10/20/1947,1940,10,Autumn
1270,44,1947,10/27/1947,1940,10,Autumn
1165,45,1947,11/3/1947,1940,11,Autumn
1504,46,1947,11/10/1947,1940,11,Autumn
1721,47,1947,11/17/1947,1940,11,Autumn
1551,48,1947,11/24/1947,1940,11,Autumn
1837,49,1947,12/1/1947,1940,12,Winter
1934,50,1947,12/8/1947,1940,12,Winter
1697,51,1947,12/15/1947,1940,12,Winter
1668,52,1947,12/22/1947,1940,12,Winter
1688,53,1947,12/29/1947,1940,12,Winter
2091,2,1948,1/5/1948,1940,1,Winter
2265,3,1948,1/12/1948,1940,1,Winter
1972,4,1948,1/19/1948,1940,1,Winter
2194,5,1948,1/26/1948,1940,1,Winter
2250,6,1948,2/2/1948,1940,2,Winter
2536,7,1948,2/9/1948,1940,2,Winter
2646,8,1948,2/16/1948,1940,2,Winter
2552,9,1948,2/23/1948,1940,2,Winter
2591,10,1948,3/1/1948,1940,3,Spring
2736,11,1948,3/8/1948,1940,3,Spring
2667,12,1948,3/15/1948,1940,3,Spring
2148,13,1948,3/22/1948,1940,3,Spring
2088,15,1948,4/5/1948,1940,4,Spring
2051,16,1948,4/12/1948,1940,4,Spring
2010,17,1948,4/19/1948,1940,4,Spring
1990,18,1948,4/26/1948,1940,4,Spring
1975,19,1948,5/3/1948,1940,5,Spring
1925,20,1948,5/10/1948,1940,5,Spring
1791,21,1948,5/17/1948,1940,5,Spring
1527,22,1948,5/24/1948,1940,5,Spring
1538,23,1948,5/31/1948,1940,5,Spring
1338,24,1948,6/7/1948,1940,6,Summer
1066,25,1948,6/14/1948,1940,6,Summer
781,26,1948,6/21/1948,1940,6,Summer
608,27,1948,6/28/1948,1940,6,Summer
376,28,1948,7/5/1948,1940,7,Summer
485,29,1948,7/12/1948,1940,7,Summer
395,30,1948,7/19/1948,1940,7,Summer
316,31,1948,7/26/1948,1940,7,Summer
348,32,1948,8/2/1948,1940,8,Summer
351,33,1948,8/9/1948,1940,8,Summer
353,34,1948,8/16/1948,1940,8,Summer
296,35,1948,8/23/1948,1940,8,Summer
315,36,1948,8/30/1948,1940,8,Summer
447,37,1948,9/6/1948,1940,9,Autumn
585,38,1948,9/13/1948,1940,9,Autumn
665,39,1948,9/20/1948,1940,9,Autumn
783,40,1948,9/27/1948,1940,9,Autumn
971,41,1948,10/4/1948,1940,10,Autumn
1076,42,1948,10/11/1948,1940,10,Autumn
1196,43,1948,10/18/1948,1940,10,Autumn
1475,44,1948,10/25/1948,1940,10,Autumn
1410,45,1948,11/1/1948,1940,11,Autumn
1600,46,1948,11/8/1948,1940,11,Autumn
1495,47,1948,11/15/1948,1940,11,Autumn
1787,48,1948,11/22/1948,1940,11,Autumn
2132,49,1948,11/29/1948,1940,11,Autumn
1997,1,1948,12/29/1947,1940,12,Winter
2081,50,1948,12/6/1948,1940,12,Winter
1689,51,1948,12/13/1948,1940,12,Winter
1935,52,1948,12/20/1948,1940,12,Winter
2019,1,1949,1/3/1949,1940,1,Winter
2476,2,1949,1/10/1949,1940,1,Winter
2758,3,1949,1/17/1949,1940,1,Winter
2982,4,1949,1/24/1949,1940,1,Winter
2971,5,1949,1/31/1949,1940,1,Winter
2771,6,1949,2/7/1949,1940,2,Winter
3030,7,1949,2/14/1949,1940,2,Winter
3138,8,1949,2/21/1949,1940,2,Winter
2964,9,1949,2/28/1949,1940,2,Winter
3123,10,1949,3/7/1949,1940,3,Spring
3252,11,1949,3/14/1949,1940,3,Spring
2966,12,1949,3/21/1949,1940,3,Spring
2806,13,1949,3/28/1949,1940,3,Spring
2496,14,1949,4/4/1949,1940,4,Spring
2258,15,1949,4/11/1949,1940,4,Spring
2076,16,1949,4/18/1949,1940,4,Spring
2021,17,1949,4/25/1949,1940,4,Spring
1767,18,1949,5/2/1949,1940,5,Spring
1551,19,1949,5/9/1949,1940,5,Spring
1572,20,1949,5/16/1949,1940,5,Spring
1358,21,1949,5/23/1949,1940,5,Spring
1134,22,1949,5/30/1949,1940,5,Spring
1094,23,1949,6/6/1949,1940,6,Summer
880,24,1949,6/13/1949,1940,6,Summer
657,25,1949,6/20/1949,1940,6,Summer
473,26,1949,6/27/1949,1940,6,Summer
369,27,1949,7/4/1949,1940,7,Summer
317,28,1949,7/11/1949,1940,7,Summer
258,29,1949,7/18/1949,1940,7,Summer
214,30,1949,7/25/1949,1940,7,Summer
248,31,1949,8/1/1949,1940,8,Summer
253,32,1949,8/8/1949,1940,8,Summer
221,33,1949,8/15/1949,1940,8,Summer
231,34,1949,8/22/1949,1940,8,Summer
220,35,1949,8/29/1949,1940,8,Summer
272,36,1949,9/5/1949,1940,9,Autumn
417,37,1949,9/12/1949,1940,9,Autumn
462,38,1949,9/19/1949,1940,9,Autumn
601,39,1949,9/26/1949,1940,9,Autumn
691,40,1949,10/3/1949,1940,10,Autumn
803,41,1949,10/10/1949,1940,10,Autumn
827,42,1949,10/17/1949,1940,10,Autumn
930,43,1949,10/24/1949,1940,10,Autumn
994,44,1949,10/31/1949,1940,10,Autumn
1010,45,1949,11/7/1949,1940,11,Autumn
1295,46,1949,11/14/1949,1940,11,Autumn
1183,47,1949,11/21/1949,1940,11,Autumn
1340,48,1949,11/28/1949,1940,11,Autumn
1461,49,1949,12/5/1949,1940,12,Winter
1292,50,1949,12/12/1949,1940,12,Winter
1083,51,1949,12/19/1949,1940,12,Winter
1614,52,1949,12/26/1949,1940,12,Winter
884,1,1950,1/2/1950,1950,1,Winter
1425,2,1950,1/9/1950,1950,1,Winter
1649,3,1950,1/16/1950,1950,1,Winter
1860,4,1950,1/23/1950,1950,1,Winter
1934,5,1950,1/30/1950,1950,1,Winter
1871,6,1950,2/6/1950,1950,2,Winter
2005,7,1950,2/13/1950,1950,2,Winter
1862,8,1950,2/20/1950,1950,2,Winter
1938,9,1950,2/27/1950,1950,2,Winter
1924,10,1950,3/6/1950,1950,3,Spring
1739,11,1950,3/13/1950,1950,3,Spring
1993,12,1950,3/20/1950,1950,3,Spring
1752,13,1950,3/27/1950,1950,3,Spring
1557,14,1950,4/3/1950,1950,4,Spring
1513,15,1950,4/10/1950,1950,4,Spring
1425,16,1950,4/17/1950,1950,4,Spring
1468,17,1950,4/24/1950,1950,4,Spring
2802,18,1950,5/1/1950,1950,5,Spring
1280,20,1950,5/15/1950,1950,5,Spring
1139,21,1950,5/22/1950,1950,5,Spring
1015,22,1950,5/29/1950,1950,5,Spring
947,23,1950,6/5/1950,1950,6,Summer
729,24,1950,6/12/1950,1950,6,Summer
632,25,1950,6/19/1950,1950,6,Summer
487,26,1950,6/26/1950,1950,6,Summer
413,27,1950,7/3/1950,1950,7,Summer
333,28,1950,7/10/1950,1950,7,Summer
317,29,1950,7/17/1950,1950,7,Summer
279,30,1950,7/24/1950,1950,7,Summer
257,31,1950,7/31/1950,1950,7,Summer
257,32,1950,8/7/1950,1950,8,Summer
240,33,1950,8/14/1950,1950,8,Summer
263,34,1950,8/21/1950,1950,8,Summer
264,35,1950,8/28/1950,1950,8,Summer
291,36,1950,9/4/1950,1950,9,Autumn
344,37,1950,9/11/1950,1950,9,Autumn
456,38,1950,9/18/1950,1950,9,Autumn
475,39,1950,9/25/1950,1950,9,Autumn
590,40,1950,10/2/1950,1950,10,Autumn
659,41,1950,10/9/1950,1950,10,Autumn
778,42,1950,10/16/1950,1950,10,Autumn
964,43,1950,10/23/1950,1950,10,Autumn
895,44,1950,10/30/1950,1950,10,Autumn
996,45,1950,11/6/1950,1950,11,Autumn
1098,46,1950,11/13/1950,1950,11,Autumn
1021,47,1950,11/20/1950,1950,11,Autumn
1161,48,1950,11/27/1950,1950,11,Autumn
1195,49,1950,12/4/1950,1950,12,Winter
1314,50,1950,12/11/1950,1950,12,Winter
1218,51,1950,12/18/1950,1950,12,Winter
1452,52,1950,12/25/1950,1950,12,Winter
1457,1,1951,1/1/1951,1950,1,Winter
1838,2,1951,1/8/1951,1950,1,Winter
2310,3,1951,1/15/1951,1950,1,Winter
2452,4,1951,1/22/1951,1950,1,Winter
2410,5,1951,1/29/1951,1950,1,Winter
2342,6,1951,2/5/1951,1950,2,Winter
2437,7,1951,2/12/1951,1950,2,Winter
2370,8,1951,2/19/1951,1950,2,Winter
2587,9,1951,2/26/1951,1950,2,Winter
2573,10,1951,3/5/1951,1950,3,Spring
2509,11,1951,3/12/1951,1950,3,Spring
2210,12,1951,3/19/1951,1950,3,Spring
2127,13,1951,3/26/1951,1950,3,Spring
2134,14,1951,4/2/1951,1950,4,Spring
2141,15,1951,4/9/1951,1950,4,Spring
2113,16,1951,4/16/1951,1950,4,Spring
2254,17,1951,4/23/1951,1950,4,Spring
1938,18,1951,4/30/1951,1950,4,Spring
1773,19,1951,5/7/1951,1950,5,Spring
1732,20,1951,5/14/1951,1950,5,Spring
1674,21,1951,5/21/1951,1950,5,Spring
1379,22,1951,5/28/1951,1950,5,Spring
1281,23,1951,6/4/1951,1950,6,Summer
1048,24,1951,6/11/1951,1950,6,Summer
914,25,1951,6/18/1951,1950,6,Summer
652,26,1951,6/25/1951,1950,6,Summer
494,27,1951,7/2/1951,1950,7,Summer
527,28,1951,7/9/1951,1950,7,Summer
425,29,1951,7/16/1951,1950,7,Summer
326,30,1951,7/23/1951,1950,7,Summer
642,31,1951,7/30/1951,1950,7,Summer
260,33,1951,8/13/1951,1950,8,Summer
259,34,1951,8/20/1951,1950,8,Summer
229,35,1951,8/27/1951,1950,8,Summer
227,36,1951,9/3/1951,1950,9,Autumn
325,37,1951,9/10/1951,1950,9,Autumn
391,38,1951,9/17/1951,1950,9,Autumn
491,39,1951,9/24/1951,1950,9,Autumn
525,40,1951,10/1/1951,1950,10,Autumn
568,41,1951,10/8/1951,1950,10,Autumn
771,42,1951,10/15/1951,1950,10,Autumn
811,43,1951,10/22/1951,1950,10,Autumn
864,44,1951,10/29/1951,1950,10,Autumn
896,45,1951,11/5/1951,1950,11,Autumn
1189,46,1951,11/12/1951,1950,11,Autumn
1049,47,1951,11/19/1951,1950,11,Autumn
1283,48,1951,11/26/1951,1950,11,Autumn
1531,49,1951,12/3/1951,1950,12,Winter
8667,1,1965,1/4/1965,1960,1,Winter
9931,2,1965,1/11/1965,1960,1,Winter
11335,4,1965,1/25/1965,1960,1,Winter
11713,5,1965,2/1/1965,1960,2,Winter
11264,6,1965,2/8/1965,1960,2,Winter
11972,7,1965,2/15/1965,1960,2,Winter
10504,8,1965,2/22/1965,1960,2,Winter
12784,10,1965,3/8/1965,1960,3,Spring
11453,11,1965,3/15/1965,1960,3,Spring
11974,12,1965,3/22/1965,1960,3,Spring
11683,13,1965,3/29/1965,1960,3,Spring
12068,9,1965,3/1/1965,1960,3,Spring
9949,15,1965,4/12/1965,1960,4,Spring
9675,16,1965,4/19/1965,1960,4,Spring
8056,17,1965,4/26/1965,1960,4,Spring
8717,18,1965,5/3/1965,1960,5,Spring
7678,19,1965,5/10/1965,1960,5,Spring
7884,20,1965,5/17/1965,1960,5,Spring
6661,21,1965,5/24/1965,1960,5,Spring
5718,22,1965,5/31/1965,1960,5,Spring
6404,23,1965,6/7/1965,1960,6,Summer
6142,24,1965,6/14/1965,1960,6,Summer
4574,26,1965,6/28/1965,1960,6,Summer
4304,27,1965,7/5/1965,1960,7,Summer
4515,28,1965,7/12/1965,1960,7,Summer
4144,29,1965,7/19/1965,1960,7,Summer
3876,30,1965,7/26/1965,1960,7,Summer
3797,31,1965,8/2/1965,1960,8,Summer
4190,32,1965,8/9/1965,1960,8,Summer
3200,33,1965,8/16/1965,1960,8,Summer
3927,34,1965,8/23/1965,1960,8,Summer
3534,35,1965,8/30/1965,1960,8,Summer
4371,36,1965,9/6/1965,1960,9,Autumn
4245,37,1965,9/13/1965,1960,9,Autumn
4691,38,1965,9/20/1965,1960,9,Autumn
5082,39,1965,9/27/1965,1960,9,Autumn
5487,40,1965,10/4/1965,1960,10,Autumn
6266,41,1965,10/11/1965,1960,10,Autumn
6149,42,1965,10/18/1965,1960,10,Autumn
5613,43,1965,10/25/1965,1960,10,Autumn
6489,44,1965,11/1/1965,1960,11,Autumn
6701,45,1965,11/8/1965,1960,11,Autumn
7333,46,1965,11/15/1965,1960,11,Autumn
6790,47,1965,11/22/1965,1960,11,Autumn
8194,48,1965,11/29/1965,1960,11,Autumn
8732,49,1965,12/6/1965,1960,12,Winter
7917,50,1965,12/13/1965,1960,12,Winter
6712,51,1965,12/20/1965,1960,12,Winter
7203,52,1965,12/27/1965,1960,12,Winter
10763,15,1966,4/11/1966,1960,4,Spring
